Motif,HH,HL,LH,LL
AAAAA,0.012471553,0.025352705,0.111269264,0.298628992
AAAAC,0.013250629,0.025362034,0.105343663,0.298455362
AAAAG,0.007488969,0.016898345,0.14083807,0.334439221
AAAAU,0.014315923,0.029151504,0.349842992,0.526349896
AAACA,0.01376198,0.024546323,0.936870447,0.167472632
AAACC,0.021718469,0.03531601,0.182070774,0.384744795
AAACG,0.005834765,0.014640428,0.220336377,0.415951399
AAACU,0.014540051,0.027017394,0.393460043,0.560063064
AAAGA,0.006310002,0.016930779,0.136867452,0.332259245
AAAGC,0.008208922,0.022222132,0.905728654,0.26526534
AAAGG,0.003901864,0.014345258,0.180692702,0.38394803
AAAGU,0.006469996,0.016877033,0.39650141,0.562199567
AAAUA,0.015241773,0.024513671,0.358557243,0.535296503
AAAUC,0.01387741,0.021157673,0.409766267,0.575713514
AAAUG,0.012025623,0.017698449,0.356545852,0.53296434
AAAUU,0.030676381,0.044166284,0.61235216,0.69128804
AACAA,0.012590435,0.020487854,0.913940161,0.112754978
AACAC,0.021148969,0.009725306,0.135768459,0.327041584
AACAG,0.011215833,0.017713355,0.099656632,0.280408041
AACAU,0.016745688,0.030114547,0.316663641,0.500155622
AACCA,0.029433588,0.009152084,0.305180101,0.490457709
AACCC,0.048275354,0.012144655,0.168333122,0.367877936
AACCG,0.020090933,0.021863766,0.308018405,0.49174667
AACCU,0.034983361,0.035765997,0.467818064,0.622880109
AACGA,0.003741664,0.014601407,0.261354321,0.457681611
AACGC,0.006177124,0.021216779,0.216057795,0.413478015
AACGG,0.003087378,0.013738857,0.253618245,0.455754649
AACGU,0.003381164,0.013903721,0.542854123,0.658759512
AACUA,0.014319219,0.021144889,0.3659215,0.540080957
AACUC,0.017679148,0.026958064,0.513075807,0.643750761
AACUG,0.011539828,0.016789027,0.453720029,0.607573765
AACUU,0.028238011,0.040799122,0.642283975,0.708374778
AAGAA,0.00955454,0.020144772,0.143676172,0.335611088
AAGAC,0.006150538,0.018026848,0.168561482,0.373531892
AAGAG,0.008862071,0.02074373,0.17277033,0.378032152
AAGAU,0.00830236,0.015355718,0.390540528,0.556849725
AAGCA,0.01408515,0.023347797,0,0
AAGCC,0.020631556,0.032885592,0.223618632,0.425937083
AAGCG,0.00861346,0.015661988,0.223114266,0.419650042
AAGCU,0.013517883,0.022204243,0.39488569,0.561665869
AAGGA,0.00348131,0.01402623,0.165497979,0.36430759
AAGGC,0.005129642,0.016897097,0.197459973,0.397721975
AAGGG,0.004415754,0.01572475,0.223803457,0.426701098
AAGGU,0.003761688,0.014410135,0.392916295,0.55966196
AAGUA,0.006984362,0.017657314,0.403676448,0.567255544
AAGUC,0.00662998,0.015054926,0.484171889,0.63150476
AAGUG,0.007376394,0.015729381,0.4330131,0.594486375
AAGUU,0.013963149,0.031387738,0.629661592,0.702711576
AAUAA,0.013283627,0.023926775,0.351391958,0.528835442
AAUAC,0.016522054,0.031014961,0.417772053,0.579129234
AAUAG,0.010759418,0.018069525,0.381390444,0.548094721
AAUAU,0.017984635,0.004845199,0.593467303,0.682811291
AAUCA,0.009448547,0.019246285,0.392840559,0.558189871
AAUCC,0.018286744,0.011806744,0.460899493,0.613547063
AAUCG,0.00369262,0.013337897,0.531528598,0.65207611
AAUCU,0.013128526,0.027796696,0.6721403,0.722905306
AAUGA,0.005046562,0.018374602,0.389322886,0.553222333
AAUGC,0.011463798,0.025444083,0.323307715,0.509479208
AAUGG,0.005749918,0.015214992,0.394979592,0.561932754
AAUGU,0.006496111,0.019081158,0.63216958,0.704448618
AAUUA,0.031577495,0.031726371,0.585294297,0.679495274
AAUUC,0.037041305,0.033729543,0.650435347,0.709871892
AAUUG,0.023862637,0.019040494,0.73637907,0.761016307
AAUUU,0.099924622,0.051877914,0.771893723,0.779325938
ACAAA,0.012395594,0.02157874,0.928438883,0.202100561
ACAAC,0.014358775,0.028815028,0.136919331,0.333936571
ACAAG,0.010329271,0.016944345,0.918744015,0.229076341
ACAAU,0.014826729,0.028449358,0.320595187,0.506239939
ACACA,0.026975907,0.008483975,0.102495753,0.294976416
ACACC,0.047644267,0.012947631,0.929757866,0.223664237
ACACG,0.019195806,0.020895691,0.24568094,0.445164447
ACACU,0.031457609,0.036547127,0.417933218,0.579522606
ACAGA,0.009660521,0.018828073,0.104699419,0.297760541
ACAGC,0.014533459,0.031433333,0.169964966,0.376748429
ACAGG,0.006177124,0.016227434,0.160317621,0.355653588
ACAGU,0.011407598,0.020233727,0.42658002,0.589177113
ACAUA,0.01925157,0.025858662,0.35473428,0.531589934
ACAUC,0.020857548,0.008696875,0.451628491,0.604253994
ACAUG,0.015794898,0.019081936,0.35976546,0.536528979
ACAUU,0.035051167,0.012484071,0.620809555,0.693863891
ACCAA,0.025715467,0.042761174,0.264637945,0.46535254
ACCAC,0.03182694,0.037397975,0.423897042,0.585404689
ACCAG,0.025757833,0.005269456,0.362453188,0.53762324
ACCAU,0.030867693,0.034453632,0.564901433,0.667921862
ACCCA,0.060578156,0.013109548,0.155006939,0.346262104
ACCCC,0.073607881,0.03258092,0.287961151,0.486293055
ACCCG,0.055121538,0.047073888,0.279253341,0.473110902
ACCCU,0.063751931,0.012226178,0.12044727,0.327041584
ACCGA,0.015202253,0.025898585,0.316171884,0.499303697
ACCGC,0.018457462,0.012345655,0.449322192,0.602461849
ACCGG,0.012342749,0.020575484,0.339364797,0.51913453
ACCGU,0.01264987,0.018017346,0.529135275,0.651466307
ACCUA,0.033202631,0.011556828,0.389450705,0.555104845
ACCUC,0.034169337,0.011356035,0.632804397,0.704448618
ACCUG,0.030984407,0.010556382,0.552149391,0.660695416
ACCUU,0.050271174,0.012466476,0.71000733,0.747587189
ACGAA,0.005876618,0.015441456,0.30317882,0.490027687
ACGAC,0.006276668,0.016620686,0.356204274,0.532414804
ACGAG,0.008931671,0.022407729,0.34301771,0.523580913
ACGAU,0.00542313,0.014648555,0.551951704,0.660453633
ACGCA,0.013943364,0.022675878,0.280471334,0.47587761
ACGCC,0.019772976,0.034899923,0.2631105,0.462851205
ACGCG,0.010183641,0.016493242,0.384777608,0.551201415
ACGCU,0.014869559,0.027100852,0.453420888,0.60642586
ACGGA,0.003047312,0.013622831,0.332624606,0.511866724
ACGGC,0.004195532,0.016665712,0.355323014,0.532002454
ACGGG,0.004389062,0.015733284,0.358598807,0.535296503
ACGGU,0.003461282,0.014347343,0.490456302,0.633742489
ACGUA,0.003661558,0.014494287,0.561674115,0.666961348
ACGUC,0.002472954,0.013384375,0.685881593,0.732401331
ACGUG,0.003554746,0.014309717,0.65524433,0.711481666
ACGUU,0.007489664,0.021802164,0.747355964,0.767120618
ACUAA,0.013808153,0.022538091,0.409159064,0.575450282
ACUAC,0.016771994,0.030804658,0.453262102,0.605787565
ACUAG,0.012372475,0.019034063,0.430327454,0.591641008
ACUAU,0.019320451,0.006493563,0.598697599,0.685880635
ACUCA,0.018756147,0.031556531,0.530105096,0.65207611
ACUCC,0.024365328,0.010761624,0.470738397,0.625387673
ACUCG,0.013065818,0.019667379,0.625456367,0.698530324
ACUCU,0.023683044,0.011001543,0.744443191,0.762873343
ACUGA,0.008646612,0.017941591,0.489688922,0.6334941
ACUGC,0.012699397,0.024599917,0.412923865,0.577422832
ACUGG,0.006791747,0.017390049,0.49559618,0.638450204
ACUGU,0.007980053,0.017616956,0.725515693,0.754984511
ACUUA,0.032921173,0.031812048,0.656831918,0.71389148
ACUUC,0.034631345,0.012724777,0.765466523,0.777499232
ACUUG,0.031723282,0.029348396,0.746942099,0.765271459
ACUUU,0.095358141,0.056963438,0.766384745,0.777606778
AGAAA,0.011443963,0.024148333,0.144981205,0.33711576
AGAAC,0.010124059,0.020990532,0.151204812,0.344439516
AGAAG,0.009054287,0.019661418,0.177106781,0.382352592
AGAAU,0.013547574,0.05016454,0.386153297,0.551605925
AGACA,0.011721615,0.026862604,0.922955724,0.21445256
AGACC,0.011572883,0.027012763,0.233829154,0.439600835
AGACG,0.005082948,0.014226227,0.277764813,0.47092124
AGACU,0.007625037,0.019030432,0.465303388,0.618098345
AGAGA,0.014114824,0.028044848,0.149243413,0.341117183
AGAGC,0.012359264,0.02372463,0.168460952,0.37256491
AGAGG,0.009385608,0.018921866,0.22134221,0.416877343
AGAGU,0.011982671,0.023380642,0.435665167,0.595519049
AGAUA,0.006805032,0.021244571,0.396982646,0.56326611
AGAUC,0.00396861,0.013883388,0.46831939,0.623633039
AGAUG,0.006436666,0.016629837,0.412164384,0.57729145
AGAUU,0.01158941,0.027789446,0.652128871,0.710332092
AGCAA,0.013171428,0.023305964,0.93063019,0.222353467
AGCAC,0.01800434,0.005144922,0.232214804,0.435218424
AGCAG,0.012732413,0.022502323,0.154903582,0.345599729
AGCAU,0.016166767,0.030954842,0.358240111,0.534611137
AGCCA,0.027454262,0.011447813,0.399033017,0.564730751
AGCCC,0.038483855,0.012514613,0.233110491,0.437940801
AGCCG,0.017761278,0.022486351,0.352344804,0.530351352
AGCCU,0.029183544,0.034243643,0.403795635,0.568316711
AGCGA,0.005703238,0.016743071,0.280888553,0.47587761
AGCGC,0.009511481,0.024838962,0.345184053,0.524827905
AGCGG,0.004442446,0.01456301,0.312297506,0.495175797
AGCGU,0.00502958,0.015480392,0.525803303,0.650001262
AGCUA,0.013128526,0.022585538,0.461586437,0.614053785
AGCUC,0.01358716,0.023509071,0.582853701,0.676644196
AGCUG,0.010627085,0.018153941,0.492712339,0.634363193
AGCUU,0.021430486,0.011811811,0.648336399,0.709526603
AGGAA,0.005036252,0.016169021,0.183087515,0.385540927
AGGAC,0.003634856,0.014682938,0.227188138,0.431880978
AGGAG,0.004489156,0.016220257,0.207211852,0.403991713
AGGAU,0.003554746,0.014460106,0.413558012,0.577816876
AGGCA,0.009478358,0.022297564,0.911353971,0.236862993
AGGCC,0.011404292,0.026958785,0.385243705,0.55133627
AGGCG,0.005296402,0.014590831,0.301008751,0.490027687
AGGCU,0.006137244,0.017902023,0.450310793,0.603230305
AGGGA,0.006499433,0.018553649,0.200381346,0.398979072
AGGGC,0.006256668,0.015685511,0.251814911,0.454715514
AGGGG,0.006565876,0.020250045,0.275502694,0.470190285
AGGGU,0.007209808,0.01768479,0.447965613,0.601051479
AGGUA,0.005363102,0.016370827,0.406272635,0.574396663
AGGUC,0.003501338,0.013776139,0.536139045,0.654633229
AGGUG,0.00482944,0.015400071,0.479358068,0.629012508
AGGUU,0.006565876,0.022238418,0.638349779,0.707106236
AGUAA,0.006971079,0.020409851,0.411727562,0.576765748
AGUAC,0.008815668,0.021972531,0.431880334,0.59319403
AGUAG,0.00651666,0.016257186,0.446664825,0.600152934
AGUAU,0.010842117,0.024422723,0.65087695,0.710217062
AGUCA,0.00491617,0.016071901,0.466495956,0.620743725
AGUCC,0.008261985,0.027654316,0.524200568,0.649267933
AGUCG,0.0020521,0.01332157,0.611200696,0.690467058
AGUCU,0.006856598,0.019328734,0.741524338,0.761562852
AGUGA,0.005776592,0.016399482,0.47096342,0.625512886
AGUGC,0.007050772,0.022838707,0.41988416,0.580963646
AGUGG,0.00502958,0.015360455,0.490478159,0.633866661
AGUGU,0.007842762,0.019078046,0.698237505,0.738905876
AGUUA,0.015745524,0.022395684,0.59223089,0.681864979
AGUUC,0.016344426,0.025975749,0.708028215,0.746589336
AGUUG,0.012164378,0.015332447,0.746497445,0.764944782
AGUUU,0.045448297,0.077420201,0.79909099,0.799202505
AUAAA,0.013435405,0.023196259,0.330753263,0.510603455
AUAAC,0.014701523,0.026511045,0.387942328,0.552953113
AUAAG,0.01016709,0.016924906,0.360991173,0.537213032
AUAAU,0.016607567,0.030760727,0.568367767,0.669840127
AUACA,0.019717241,0.028363084,0.30671221,0.490601009
AUACC,0.030040575,0.043016073,0.462961052,0.616457215
AUACG,0.013171428,0.01652387,0.583800316,0.677714303
AUACU,0.022954542,0.005028684,0.610113472,0.690232368
AUAGA,0.006057478,0.017944239,0.364418507,0.538169921
AUAGC,0.011430739,0.024296373,0.487594113,0.632748561
AUAGG,0.005696568,0.014934991,0.406941563,0.574396663
AUAGU,0.008013226,0.018863869,0.607655944,0.689880229
AUAUA,0.021129325,0.026459819,0.561851476,0.667081463
AUAUC,0.018710201,0.024310716,0.649501841,0.709756809
AUAUG,0.015821229,0.018173097,0.627219923,0.701087611
AUAUU,0.049854514,0.012650343,0.775693843,0.783610952
AUCAA,0.009465109,0.016372491,0.388744621,0.552953113
AUCAC,0.013801557,0.025968795,0.514055222,0.643873696
AUCAG,0.005612003,0.014675072,0.475774419,0.627514169
AUCAU,0.013600355,0.021730833,0.652902453,0.71079208
AUCCA,0.029128332,0.010170628,0.575893573,0.673426986
AUCCC,0.032128135,0.036424032,0.40569956,0.572550153
AUCCG,0.02280747,0.029764952,0.587767668,0.681628261
AUCCU,0.029881561,0.010437737,0.668263677,0.719947691
AUCGA,0.00268001,0.013415619,0.56622901,0.668521715
AUCGC,0.002967178,0.013905493,0.547665417,0.659606931
AUCGG,0.001544284,0.013362518,0.574653404,0.672591202
AUCGU,0.00087591,0.013260795,0.766975375,0.777606778
AUCUA,0.015883764,0.01966852,0.664746256,0.717666635
AUCUC,0.016528632,0.021986442,0.797397107,0.796989968
AUCUG,0.012521089,0.01612106,0.746964648,0.76559803
AUCUU,0.035047938,0.040817799,0.819421637,0.815901089
AUGAA,0.008756005,0.018869005,0.402239414,0.56645893
AUGAC,0.010898349,0.022051394,0.448575758,0.601564571
AUGAG,0.010455025,0.019671941,0.430895429,0.591641008
AUGAU,0.00804308,0.01734994,0.621604087,0.69409773
AUGCA,0.015946295,0.023569793,0.313714431,0.497028342
AUGCC,0.023787538,0.037850233,0.41211936,0.57716005
AUGCG,0.011929804,0.016380188,0.466111033,0.620617913
AUGCU,0.0173177,0.026782986,0.502072835,0.641165627
AUGGA,0.00436237,0.014358025,0.410220863,0.576108231
AUGGC,0.005449056,0.020645913,0.431659588,0.593064703
AUGGG,0.006169996,0.016591673,0.459804336,0.611898441
AUGGU,0.005616542,0.015485806,0.601940012,0.686587609
AUGUA,0.008739431,0.017517846,0.625763691,0.698763075
AUGUC,0.005355931,0.016527094,0.723352696,0.753883901
AUGUG,0.006582486,0.015518806,0.729913718,0.757401597
AUGUU,0.019015372,0.01028648,0.77496896,0.782862398
AUUAA,0.026152078,0.027087629,0.572085952,0.671396012
AUUAC,0.030235253,0.008336092,0.710861839,0.747808798
AUUAG,0.018483723,0.018731678,0.608479491,0.689997623
AUUAU,0.037939924,0.036740224,0.729270452,0.756193784
AUUCA,0.031930587,0.009632951,0.652212099,0.710562113
AUUCC,0.042863135,0.045866679,0.699495734,0.741362092
AUUCG,0.017597013,0.017597114,0.775056663,0.783290212
AUUCU,0.045470664,0.042015198,0.812516363,0.809255079
AUUGA,0.014856381,0.020589,0.796023216,0.796356915
AUUGC,0.01804375,0.024539153,0.679237947,0.728003674
AUUGG,0.009683703,0.015573354,0.786855883,0.791384082
AUUGU,0.016341137,0.019384422,0.860096714,0.841346005
AUUUA,0.153372825,0.051475241,0.780599192,0.788409746
AUUUC,0.143663275,0.053281307,0.806708503,0.802249887
AUUUG,0.111537898,0.07018182,0.849881845,0.835375157
AUUUU,0.284564071,0.953831729,0.095181897,0.929757866
CAAAA,0.012616851,0.022811786,0.114178767,0.310880298
CAAAC,0.013448602,0.02831776,0.188445816,0.390779555
CAAAG,0.007777676,0.017304114,0.148468617,0.340950777
CAAAU,0.014441177,0.03051658,0.383550609,0.550391903
CAACA,0.014912387,0.028454136,0.145275227,0.337616814
CAACC,0.024100957,0.037535258,0.351378801,0.528283633
CAACG,0.008759319,0.016152324,0.339029409,0.51913453
CAACU,0.016304949,0.032177976,0.472770258,0.626138718
CAAGA,0.005881306,0.020503703,0.175195581,0.381873464
CAAGC,0.011255512,0.027863019,0.21925582,0.41394224
CAAGG,0.00541646,0.014859835,0.215489312,0.408979353
CAAGU,0.006386471,0.020686615,0.460208857,0.612532848
CAAUA,0.016403639,0.026356382,0.406083534,0.572946121
CAAUC,0.01459937,0.024488652,0.519962178,0.647677208
CAAUG,0.012824853,0.019180424,0.423439718,0.585143996
CAAUU,0.031723282,0.047506215,0.62401851,0.69701612
CACAA,0.016077926,0.028087563,0.160172815,0.35368375
CACAC,0.026800127,0.037249367,0.327045385,0.509619808
CACAG,0.014460952,0.023154523,0.251644443,0.452187396
CACAU,0.021849342,0.011651566,0.460087625,0.612025354
CACCA,0.045393975,0.048008345,0.329080242,0.509760388
CACCC,0.070814255,0.01278501,0.161188907,0.356637054
CACCG,0.03165849,0.003543903,0.372574012,0.542804688
CACCU,0.050951452,0.032436865,0.527175751,0.650367724
CACGA,0.008988232,0.021061243,0.36103856,0.537486523
CACGC,0.012590435,0,0.39835307,0.564331516
CACGG,0.005729912,0.016149671,0.387298646,0.552683821
CACGU,0.006671678,0.019194063,0.663243001,0.716295499
CACUA,0.020775672,0.012260226,0.4746394,0.626388941
CACUC,0.025382993,0.039291736,0.658521691,0.71446439
CACUG,0.016683207,0.022950879,0.561540346,0.666841219
CACUU,0.036944632,0.01215275,0.71636147,0.751127065
CAGAA,0.012197412,0.023532978,0.184048079,0.387449059
CAGAC,0.010001573,0.020572946,0.28840201,0.486293055
CAGAG,0.011933109,0.026018295,0.229224273,0.433702784
CAGAU,0.008726172,0.019592682,0.464708706,0.617214994
CAGCA,0.018624867,0.007486483,0.227047281,0.427617146
CAGCC,0.026490809,0.041105462,0.390194261,0.556715611
CAGCG,0.013105423,0.021659031,0.405426497,0.572154028
CAGCU,0.017790842,0.012466685,0.556144651,0.664315167
CAGGA,0.0052297,0.016179112,0.221666369,0.417648309
CAGGC,0.005319344,0.021918693,0.348326418,0.525935037
CAGGG,0.007156498,0.019548877,0.267818501,0.466674248
CAGGU,0.006253282,0.018693231,0.518582823,0.646083948
CAGUA,0.01167204,0.02348129,0.493561452,0.636222996
CAGUC,0.008765949,0.01966287,0.647335096,0.709296344
CAGUG,0.009577724,0.020532913,0.545728116,0.659122779
CAGUU,0.017432721,0.01083871,0.703451068,0.742922003
CAUAA,0.014338997,0.024152049,0.413674903,0.577816876
CAUAC,0.018168538,0.008911878,0.509879689,0.642766736
CAUAG,0.011995887,0.019730409,0.501989499,0.641165627
CAUAU,0.019386047,0.010250951,0.648623444,0.709756809
CAUCA,0.013663029,0.026129184,0.553810568,0.66335118
CAUCC,0.024061785,0.045455919,0.574922222,0.673307631
CAUCG,0.007689538,0.013668096,0.657363196,0.714235265
CAUCU,0.017409718,0.009266116,0.772047671,0.780077142
CAUGA,0.009286223,0.021578171,0.47309438,0.626138718
CAUGC,0.013438704,0.032262335,0.428185251,0.590863591
CAUGG,0.005053216,0.017903477,0.493471177,0.636099117
CAUGU,0.01015716,0.023121773,0.708235009,0.747476365
CAUUA,0.032814392,0.005830612,0.644369773,0.70849002
CAUUC,0.037357041,0.034271893,0.750692831,0.769508582
CAUUG,0.024994968,0.020690499,0.784957397,0.79042901
CAUUU,0.108520408,0.056894921,0.817469216,0.814243723
CCAAA,0.017741567,0.034609193,0.219830352,0.414251605
CCAAC,0.02062828,0.011239157,0.333406751,0.51550723
CCAAG,0.015198959,0.031345061,0.285319577,0.483410741
CCAAU,0.021574488,0.033554113,0.501613885,0.640302428
CCACA,0.029891297,0.036033547,0.286211091,0.485429233
CCACC,0.052075757,0.032565722,0.498516125,0.638944466
CCACG,0.021747917,0.030073355,0.479682167,0.629885503
CCACU,0.034925239,0.041621312,0.616146556,0.692576795
CCAGA,0.016508897,0.009329019,0.297964993,0.489884305
CCAGC,0.023513216,0.038458166,0.452251546,0.604253994
CCAGG,0.01451039,0.026167706,0.349725585,0.526349896
CCAGU,0.018230927,0.010711678,0.618606223,0.693863891
CCAUA,0.025027581,0.011278675,0.522280745,0.649023371
CCAUC,0.027141893,0.011309829,0.680702738,0.730824909
CCAUG,0.020697066,0.012271297,0.553993237,0.664315167
CCAUU,0.042991271,0.012361947,0.760992966,0.775345886
CCCAA,0.034043298,0.038775598,0.14580425,0.338451347
CCCAC,0.04199779,0.049816453,0.272258494,0.469605137
CCCAG,0.034250123,0.037436168,0.223526207,0.42379473
CCCAU,0.038065473,0.049733009,0.442399604,0.598353419
CCCCA,0.06248363,0.012170768,0.317951964,0.505816651
CCCCC,0.074703911,0.012991205,0.459853703,0.611898441
CCCCG,0.057476364,0.012483131,0.434178718,0.595260981
CCCCU,0.066940685,0.012661513,0.40320183,0.567122819
CCCGA,0.029469303,0.049033443,0.284493771,0.482688862
CCCGC,0.034027138,0.044707301,0.442979321,0.598739302
CCCGG,0.024084636,0.010153516,0.338989445,0.518855974
CCCGU,0.024867767,0.035181025,0.551948768,0.660211791
CCCUA,0.039506547,0.042991462,0.914182742,0.234644415
CCCUC,0.040200609,0.043218102,0.393012677,0.55966196
CCCUG,0.037018749,0.036056188,0.277843347,0.47179768
CCCUU,0.062973561,0.012967931,0.407864424,0.574528426
CCGAA,0.012834757,0.030849357,0.273072471,0.47004403
CCGAC,0.013085621,0.027029178,0.356430419,0.532552216
CCGAG,0.016525343,0.035843627,0.31833653,0.505957767
CCGAU,0.012497973,0.02628038,0.537509306,0.654997998
CCGCA,0.019359809,0.010468916,0.371572271,0.542260535
CCGCC,0.027034493,0.039779108,0.512137192,0.643750761
CCGCG,0.014540051,0.027089893,0.528356937,0.650978197
CCGCU,0.020880471,0.011570989,0.612307011,0.691170798
CCGGA,0.006469996,0.018623442,0.308142062,0.492748047
CCGGC,0.008749375,0.026261379,0.427621275,0.59008557
CCGGG,0.008958184,0.031540805,0.369625673,0.541307554
CCGGU,0.005545497,0.022451926,0.501519187,0.639932257
CCGUA,0.006964438,0.023755192,0.438741065,0.597066065
CCGUC,0.004896156,0.015736043,0.670336036,0.721427592
CCGUG,0.006326662,0.023589827,0.57208883,0.671515596
CCGUU,0.012461646,0.012670909,0.708051659,0.746922064
CCUAA,0.020530006,0.009759911,0.336859385,0.517322525
CCUAC,0.025343871,0.035059396,0.403915942,0.568449278
CCUAG,0.018414785,0.012315213,0.433678704,0.595260981
CCUAU,0.027499808,0.040334639,0.317599418,0.502990142
CCUCA,0.023418492,0.010753152,0.497350824,0.638820923
CCUCC,0.029693307,0.042036741,0.616704477,0.692576795
CCUCG,0.016153606,0.022137646,0.633061641,0.704795665
CCUCU,0.028770999,0.03883296,0.714172735,0.748694747
CCUGA,0.016485873,0.011569892,0.449526063,0.602974218
CCUGC,0.021286464,0.035476182,0.466829577,0.62187532
CCUGG,0.015702731,0.050845931,0.469353179,0.624134677
CCUGU,0.016114122,0.013054239,0.690051317,0.733638207
CCUUA,0.039545119,0.035962969,0.614561025,0.69175687
CCUUC,0.041250427,0.036840097,0.745553512,0.763964109
CCUUG,0.037991433,0.040528987,0.708194825,0.747143822
CCUUU,0.102774944,0.057553876,0.646542056,0.708720465
CGAAA,0.006675496,0.018927364,0.282503156,0.4764591
CGAAC,0.008235758,0.015979974,0.311542235,0.495033151
CGAAG,0.007116514,0.016230243,0.317831988,0.505816651
CGAAU,0.010759418,0.02179575,0.518584847,0.646451849
CGACA,0.010878503,0.023798297,0.21163704,0.408201673
CGACC,0.010713103,0.023862822,0.44660719,0.599767596
CGACG,0.004529192,0.013612662,0.453248059,0.605148863
CGACU,0.005831441,0.01870641,0.602941289,0.686940909
CGAGA,0.015567759,0.010243521,0.290213096,0.48859294
CGAGC,0.013438704,0.02378152,0.362515883,0.537896618
CGAGG,0.011315026,0.020273202,0.365396771,0.538169921
CGAGU,0.013046015,0.024526619,0.579234461,0.675811098
CGAUA,0.005049889,0.018789215,0.508657044,0.64227436
CGAUC,0.00354807,0.013604109,0.632909108,0.704564314
CGAUG,0.005529842,0.0160333,0.561624681,0.666841219
CGAUU,0.010799114,0.024430203,0.755305247,0.770483835
CGCAA,0.012540903,0.021594054,0.260226807,0.457533515
CGCAC,0.016693072,0.030183847,0.422089894,0.58475283
CGCAG,0.012147861,0.020703185,0.344948128,0.523580913
CGCAU,0.015182492,0.02860154,0.533154547,0.652441813
CGCCA,0.025236279,0.008595672,0.465721695,0.619862709
CGCCC,0.036902737,0.012850302,0.24953431,0.449354268
CGCCG,0.015850851,0.014773734,0.405172629,0.570435672
CGCCU,0.02639311,0.011259021,0.558411064,0.664796812
CGCGA,0.00590329,0.017757968,0.426390282,0.588787522
CGCGC,0.009932048,0.025833419,0.478906471,0.628638134
CGCGG,0.004649298,0.014020965,0.472633587,0.625763266
CGCGU,0.00509629,0.016483934,0.685994586,0.732513837
CGCUA,0.014052179,0.024274547,0.462009514,0.61607811
CGCUC,0.01447084,0.025798541,0.688394394,0.733413434
CGCUG,0.011685261,0.017871438,0.572880842,0.672352279
CGCUU,0.022696335,0.035710244,0.68525476,0.732063735
CGGAA,0.004095422,0.014768265,0.311006855,0.492891019
CGGAC,0.003234276,0.013979626,0.356970578,0.533376293
CGGAG,0.003588126,0.015001236,0.347559462,0.525796713
CGGAU,0.003214246,0.014144138,0.544267495,0.658880616
CGGCA,0.008112737,0.020596976,0.262204682,0.459752656
CGGCC,0.010183641,0.021517068,0.481344149,0.630882279
CGGCG,0.004796082,0.014104368,0.482607971,0.631380295
CGGCU,0.008195796,0.018936131,0.605172873,0.687294084
CGGGA,0.007356203,0.022979295,0.337011076,0.517880415
CGGGC,0.006669972,0.014968322,0.401510452,0.566060384
CGGGG,0.007505564,0.020298741,0.399889138,0.564863794
CGGGU,0.008075906,0.016976102,0.56990323,0.670678212
CGGUA,0.005069606,0.015571845,0.404846133,0.569773979
CGGUC,0.003274338,0.013775409,0.630971089,0.703290926
CGGUG,0.004389062,0.015068049,0.550373702,0.659848919
CGGUU,0.005302713,0.020452842,0.675797032,0.725514386
CGUAA,0.005723244,0.015207442,0.510514426,0.642766736
CGUAC,0.007029878,0.016006819,0.553302437,0.66202418
CGUAG,0.003988634,0.014038116,0.585997409,0.679732497
CGUAU,0.005665204,0.018818787,0.638794058,0.707452361
CGUCA,0.002813582,0.013364136,0.631441257,0.703754163
CGUCC,0.00478941,0.015421154,0.707064845,0.745590488
CGUCG,0,0.013241545,0.753117762,0.770375521
CGUCU,0.003274338,0.013997455,0.852871583,0.835983993
CGUGA,0.00460259,0.01570206,0.621509142,0.69409773
CGUGC,0.007542966,0.018519814,0.598180939,0.685055199
CGUGG,0.003781714,0.013669869,0.629173373,0.702131891
CGUGU,0.005683232,0.017056504,0.790758476,0.79223227
CGUUA,0.011268737,0.015375552,0.668275003,0.72017551
CGUUC,0.012032231,0.016752013,0.804908932,0.80193507
CGUUG,0.00830236,0.013388078,0.81865357,0.814243723
CGUUU,0.034666875,0.077761845,0.849533756,0.8350706
CUAAA,0.014200543,0.023702224,0.382624733,0.548094721
CUAAC,0.015919967,0.030367561,0.429885226,0.591381936
CUAAG,0.01141421,0.019287458,0.41666222,0.578735707
CUAAU,0.01802733,0.012306388,0.61761685,0.692927985
CUACA,0.02060535,0.032350474,0.342239428,0.522332365
CUACC,0.031353913,0.039369602,0.503990738,0.641412118
CUACG,0.013923578,0.01940734,0.6120711,0.690701693
CUACU,0.023989966,0.010470277,0.6144461,0.691639683
CUAGA,0.009600908,0.022953772,0.421185652,0.581225431
CUAGC,0.013154928,0.030457611,0.541032153,0.658153772
CUAGG,0.008828438,0.015865664,0.461925984,0.614813387
CUAGU,0.011162926,0.022558042,0.6598335,0.715151449
CUAUA,0.023078719,0.032079992,0.465939317,0.620492085
CUAUC,0.020395684,0.028966795,0.632106347,0.704101451
CUAUG,0.017741567,0.022699444,0.567322574,0.669360906
CUAUU,0.055026596,0.012669135,0.715437682,0.751016633
CUCAA,0.014315923,0.025391927,0.488204553,0.633245649
CUCAC,0.019159722,0.008787378,0.606384129,0.688117674
CUCAG,0.012540903,0.022186043,0.565228905,0.668281817
CUCAU,0.018857876,0.010242004,0.733509198,0.760031772
CUCCA,0.029345917,0.033614331,0.628779181,0.702015914
CUCCC,0.03257814,0.03348382,0.464777054,0.61746746
CUCCG,0.023467488,0.005262672,0.656761412,0.713662224
CUCCU,0.030572604,0.032931119,0.723700607,0.754544412
CUCGA,0.0054298,0.023565353,0.645817001,0.708605249
CUCGC,0.00681661,0.022985546,0.664511904,0.717666635
CUCGG,0.003418988,0.014106453,0.662873403,0.715952422
CUCGU,0.003274338,0.014705912,0.838467866,0.827119385
CUCUA,0.021891873,0.011043319,0.69670081,0.736779733
CUCUC,0.02306238,0.006758557,0.858914386,0.840033453
CUCUG,0.01698571,0.023476591,0.792464402,0.795089604
CUCUU,0.045454687,0.012163561,0.827285582,0.82188612
CUGAA,0.011262125,0.020987271,0.46020993,0.613040084
CUGAC,0.012491368,0.023763865,0.54230877,0.65851726
CUGAG,0.012270084,0.030207133,0.496320757,0.638450204
CUGAU,0.010696562,0.019889106,0.66758821,0.719605864
CUGCA,0.017616726,0.031124067,0.380936483,0.547824117
CUGCC,0.025946829,0.034318684,0.54033729,0.65803258
CUGCG,0.012811648,0.021127394,0.536491975,0.654997998
CUGCU,0.01880209,0.012624294,0.468576873,0.623758472
CUGGA,0.006783284,0.017449378,0.46394268,0.616709872
CUGGC,0.010544368,0.025676487,0.556821803,0.6644356
CUGGG,0.007256616,0.023031112,0.521207423,0.648411703
CUGGU,0.006170478,0.019276984,0.656990538,0.714235265
CUGUA,0.009753246,0.019643224,0.691885914,0.734873555
CUGUC,0.006814996,0.018485874,0.803415946,0.800884967
CUGUG,0.007953514,0.019056677,0.758321171,0.772647665
CUGUU,0.019864768,0.007955669,0.813628997,0.81040051
CUUAA,0.028319277,0.012124965,0.623790811,0.696782962
CUUAC,0.032377444,0.010815543,0.738307791,0.76134427
CUUAG,0.020431723,0.022640787,0.676261288,0.725967445
CUUAU,0.043308336,0.039828589,0.776475282,0.783824721
CUUCA,0.030935778,0.009214366,0.742757603,0.761999873
CUUCC,0.039239719,0.037922256,0.78299471,0.78915416
CUUCG,0.016035148,0.016527042,0.834349755,0.824454868
CUUCU,0.044223738,0.037117139,0.859381583,0.840437499
CUUGA,0.023212682,0.034603422,0.752216112,0.769942145
CUUGC,0.027369672,0.033843821,0.712160997,0.748141121
CUUGG,0.016110831,0.022424581,0.748010231,0.767772447
CUUGU,0.02549057,0.047172582,0.861956247,0.841648657
CUUUA,0.117043359,0.052349359,0.683366753,0.731726026
CUUUC,0.113277132,0.052882007,0.789473453,0.79202029
CUUUG,0.109771665,0.063759227,0.759764509,0.774159566
CUUUU,0.232126348,0.914182742,0.098802397,0.8350706
GAAAA,0.011374538,0.021558718,0.210461657,0.406176867
GAAAC,0.012213929,0.022548067,0.205899836,0.40023459
GAAAG,0.00862202,0.014777954,0.245204874,0.442010521
GAAAU,0.013092222,0.02616647,0.433313999,0.594744643
GAACA,0.010395459,0.019404073,0.923472926,0.228704031
GAACC,0.017304554,0.032354722,0.278060894,0.472819224
GAACG,0.005016238,0.013457868,0.311173725,0.493605573
GAACU,0.011619157,0.018997236,0.474912176,0.626639101
GAAGA,0.007136506,0.017818158,0.228759236,0.432336741
GAAGC,0.009445234,0.023418961,0.197416722,0.392361615
GAAGG,0.004595918,0.014517108,0.279814984,0.474422402
GAAGU,0.007536304,0.018961237,0.484369825,0.63162921
GAAUA,0.014338997,0.026275334,0.437114279,0.596421766
GAAUC,0.012897479,0.020481743,0.495574434,0.637832032
GAAUG,0.010928117,0.017770172,0.455973126,0.607573765
GAAUU,0.02920303,0.03623694,0.672861269,0.724153976
GACAA,0.012946994,0.019675932,0.92504989,0.215962315
GACAC,0.021695564,0.037515145,0.195686552,0.39141268
GACAG,0.011549744,0.017913395,0.159465863,0.349732395
GACAU,0.017715286,0.031715411,0.360625039,0.537076259
GACCA,0.019602483,0.023150752,0.382676901,0.549716809
GACCC,0.034844507,0.036309997,0.249777963,0.450846388
GACCG,0.0129734,0.014001625,0.401956308,0.566326099
GACCU,0.024691616,0.026991666,0.560240499,0.665278225
GACGA,0.003521366,0.014229824,0.354246584,0.530764383
GACGC,0.009640592,0.021684535,0.331564934,0.510743897
GACGG,0.003047312,0.013518787,0.369534058,0.540353664
GACGU,0.003134616,0.013811751,0.623645057,0.69549962
GACUA,0.011205913,0.019210451,0.465600063,0.619736786
GACUC,0.013748787,0.020293768,0.607580032,0.689527967
GACUG,0.005721728,0.015101064,0.559569545,0.665278225
GACUU,0.022637494,0.030541705,0.712789527,0.748362608
GAGAA,0.014431289,0.01085466,0.199042224,0.398193572
GAGAC,0.012715905,0.02250987,0.243295674,0.440354486
GAGAG,0.014111527,0.024738555,0.246227206,0.446962234
GAGAU,0.012170985,0.024618124,0.441979072,0.597452445
GAGCA,0.013679521,0.026032665,0.84975614,0.272776276
GAGCC,0.020097488,0.010355807,0.329552247,0.509900949
GAGCG,0.00793361,0.014658037,0.336174669,0.516903903
GAGCU,0.013118625,0.021442147,0.496473887,0.638573792
GAGGA,0.005269722,0.017844642,0.27085156,0.467407776
GAGGC,0.005412472,0.02122418,0.281001493,0.4764591
GAGGG,0.007363068,0.018188826,0.329712384,0.510182011
GAGGU,0.006290002,0.018961237,0.494296837,0.637089722
GAGUA,0.010445098,0.023512634,0.469655031,0.624636064
GAGUC,0.006698747,0.017442884,0.561976483,0.667081463
GAGUG,0.007744496,0.018066825,0.518855002,0.646819614
GAGUU,0.016035148,0.004192578,0.683445705,0.731838608
GAUAA,0.010891734,0.018697382,0.431251079,0.59293536
GAUAC,0.013996124,0.027099205,0.4636252,0.616709872
GAUAG,0.006316694,0.014793476,0.457754534,0.610374219
GAUAU,0.014652096,0.024161027,0.643134898,0.708374778
GAUCA,0.004295636,0.013550497,0.477301597,0.628513311
GAUCC,0.01213795,0.019440523,0.553536014,0.662989446
GAUCG,0.001657886,0.013258395,0.615908795,0.692225481
GAUCU,0.008075906,0.014098113,0.745347034,0.763418875
GAUGA,0.006749958,0.016795161,0.472426956,0.625638084
GAUGC,0.009783048,0.023424125,0.41176247,0.577028633
GAUGG,0.004816096,0.014214814,0.495907812,0.638450204
GAUGU,0.007556292,0.016198202,0.704512038,0.745368386
GAUUA,0.016946258,0.017932867,0.646302508,0.708605249
GAUUC,0.021430486,0.025734966,0.722922175,0.752230712
GAUUG,0.01213795,0.013684939,0.811584447,0.808212638
GAUUU,0.074458728,0.054194311,0.826151592,0.821268638
GCAAA,0.012200716,0.021329961,0.908404797,0.258782187
GCAAC,0.01420384,0.026810418,0.207553053,0.40461653
GCAAG,0.009955223,0.017517691,0.15801853,0.346593128
GCAAU,0.014635619,0.027583092,0.354363462,0.530764383
GCACA,0.021653026,0.030871911,0.209974032,0.405084887
GCACC,0.037917387,0.013215929,0.313374055,0.496173748
GCACG,0.014876148,0.017726443,0.38053692,0.547688787
GCACU,0.026165108,0.002255997,0.516331727,0.644119521
GCAGA,0.010762726,0.01963379,0.159467312,0.35187465
GCAGC,0.015587512,0.011949151,0.29088299,0.488736507
GCAGG,0.007658221,0.017262183,0.221425303,0.417494163
GCAGU,0.012177592,0.022289964,0.466895649,0.622629007
GCAUA,0.017251968,0.025417748,0.404249549,0.569773979
GCAUC,0.018831624,0.029214914,0.529215378,0.651832234
GCAUG,0.014151091,0.018971664,0.433192769,0.594744643
GCAUU,0.031668209,0.039356286,0.625416354,0.698297519
GCCAA,0.024009554,0.032159035,0.390082647,0.555642055
GCCAC,0.031292338,0.03578997,0.532901196,0.652319927
GCCAG,0.024104222,0.030361612,0.495286521,0.63733722
GCCAU,0.029216021,0.01159069,0.663376092,0.716524153
GCCCA,0.048673563,0.041544788,0.21047956,0.407423386
GCCCC,0.063177628,0.012200641,0.378176941,0.546876425
GCCCG,0.045477054,0.03701271,0.35964328,0.536528979
GCCCU,0.054893663,0.043856934,0.288790467,0.486724687
GCCGA,0.013573965,0.020820464,0.323003815,0.507649606
GCCGC,0.01610096,0.030653785,0.470440058,0.625137199
GCCGG,0.010368985,0.015252948,0.375485661,0.546198953
GCCGU,0.010984344,0.01689876,0.569918612,0.670678212
GCCUA,0.027493302,0.007664605,0.369018273,0.54021732
GCCUC,0.028166491,0.007334674,0.612623929,0.691522483
GCCUG,0.025633988,0.028210197,0.523488871,0.649267933
GCCUU,0.04305213,0.045313203,0.691714861,0.73464906
GCGAA,0.006503328,0.017131963,0.304168676,0.490171048
GCGAC,0.006856598,0.016475354,0.373690562,0.543348545
GCGAG,0.009753246,0.020811403,0.359137796,0.535707497
GCGAU,0.005943298,0.015491844,0.552502585,0.66202418
GCGCA,0.01390709,0.025762581,0.307088619,0.491317201
GCGCC,0.019559856,0.011643258,0.426854023,0.589566553
GCGCG,0.009816161,0.016589854,0.479535914,0.629760836
GCGCU,0.014803666,0.025060886,0.553985423,0.663953781
GCGGA,0.003114086,0.013915034,0.341531812,0.521776954
GCGGC,0.004882812,0.017138043,0.432394485,0.593323339
GCGGG,0.004989554,0.01635408,0.400015613,0.565129827
GCGGU,0.00362818,0.015284446,0.527994106,0.650856133
GCGUA,0.004235574,0.015717464,0.529104233,0.651344302
GCGUC,0.002927112,0.013392199,0.691063572,0.734199918
GCGUG,0.003995308,0.01499483,0.609949085,0.689997623
GCGUU,0.009806976,0.021619507,0.732824952,0.759703378
GCUAA,0.013227529,0.021440491,0.447309453,0.600281347
GCUAC,0.01629508,0.029625931,0.495498839,0.637584657
GCUAG,0.011847195,0.018272037,0.518423934,0.644733819
GCUAU,0.018693791,0.032067397,0.562999204,0.667561777
GCUCA,0.01515285,0.024049043,0.57627287,0.673426986
GCUCC,0.019979496,0.012018572,0.614246559,0.691522483
GCUCG,0.01016378,0.015083099,0.679549858,0.729471709
GCUCU,0.019428682,0.028771215,0.75587851,0.770700429
GCUGA,0.008540523,0.017690399,0.489987823,0.633618302
GCUGC,0.012630059,0.026284139,0.405224768,0.571361308
GCUGG,0.006642279,0.016291826,0.503822323,0.641412118
GCUGU,0.007820809,0.017873048,0.691421195,0.734424514
GCUUA,0.027171182,0.028462871,0.648462603,0.709641713
GCUUC,0.027792553,0.030079203,0.732559455,0.758607953
GCUUG,0.026259573,0.022491262,0.711447795,0.747919585
GCUUU,0.083149188,0.060267291,0.679751428,0.730261298
GGAAA,0.006565876,0.018088423,0.245537347,0.443062935
GGAAC,0.00812253,0.017225291,0.227282934,0.432184843
GGAAG,0.006883258,0.015590686,0.271564343,0.469019646
GGAAU,0.01069987,0.023378628,0.460113375,0.612152252
GGACA,0.007508883,0.017687854,0.101160157,0.286928608
GGACC,0.007143739,0.017641472,0.344957759,0.524827905
GGACG,0.003374488,0.013630027,0.376000456,0.546876425
GGACU,0.006163328,0.016676578,0.52788483,0.650611958
GGAGA,0.010904964,0.018991167,0.228763292,0.432488616
GGAGC,0.007711314,0.018647311,0.259844132,0.455754649
GGAGG,0.006783284,0.015007485,0.317809723,0.505110772
GGAGU,0.006791747,0.017565065,0.496981735,0.638573792
GGAUA,0.006310002,0.017305102,0.438627068,0.596808395
GGAUC,0.0030807,0.013467935,0.528958024,0.651222282
GGAUG,0.004369042,0.014428998,0.482916336,0.63150476
GGAUU,0.008480843,0.020154098,0.70315578,0.742810661
GGCAA,0.011543133,0.019618601,0.881332419,0.266341791
GGCAC,0.015761982,0.013230589,0.289547842,0.488018464
GGCAG,0.011027339,0.018308632,0.188079724,0.387607906
GGCAU,0.014315923,0.026962901,0.399188108,0.564863794
GGCCA,0.018230927,0.025626713,0.560638393,0.666600917
GGCCC,0.029274476,0.033465977,0.313576555,0.496601136
GGCCG,0.011434045,0.015797655,0.422380728,0.584883236
GGCCU,0.019553297,0.024060087,0.53850378,0.655241104
GGCGA,0.004375716,0.014985404,0.337997113,0.517880415
GGCGC,0.006423019,0.020850493,0.409038257,0.575186982
GGCGG,0.003494662,0.014025396,0.389333251,0.553222333
GGCGU,0.003641532,0.014339474,0.594491166,0.683756708
GGCUA,0.009766492,0.018829267,0.480168117,0.630882279
GGCUC,0.010666787,0.019238869,0.635154136,0.705951618
GGCUG,0.009221242,0.015731775,0.524210631,0.650001262
GGCUU,0.01713364,0.027043997,0.705623922,0.745590488
GGGAA,0.007137099,0.028724522,0.267355462,0.466674248
GGGAC,0.007176488,0.017933438,0.285842065,0.484276308
GGGAG,0.005425775,0.019729943,0.297203866,0.48902358
GGGAU,0.006869928,0.019135564,0.475503992,0.627139234
GGGCA,0.007442503,0.019686195,0.164337729,0.358437567
GGGCC,0.009508169,0.021895005,0.413826616,0.578342026
GGGCG,0.00447581,0.014349219,0.3875917,0.552953113
GGGCU,0.007463014,0.016648606,0.521406236,0.648901067
GGGGA,0.010342509,0.022406333,0.304686423,0.490171048
GGGGC,0.006177124,0.021379639,0.322358798,0.507649606
GGGGG,0.010388841,0.022375161,0.421369689,0.583447836
GGGGU,0.007837398,0.021466569,0.526635832,0.650245585
GGGUA,0.006963234,0.020295892,0.451099238,0.60374228
GGGUC,0.004128792,0.01493348,0.581419741,0.676406238
GGGUG,0.006123324,0.016791002,0.542323594,0.658759512
GGGUU,0.009382296,0.023936839,0.698805552,0.74080439
GGUAA,0.007103186,0.016917473,0.425402174,0.586186359
GGUAC,0.005335974,0.018995317,0.351234059,0.527455346
GGUAG,0.004929512,0.014978009,0.444628201,0.598867897
GGUAU,0.008016543,0.020423785,0.653844282,0.711251857
GGUCA,0.003327752,0.014185418,0.492092176,0.633990817
GGUCC,0.006623314,0.018753884,0.603524286,0.687176372
GGUCG,0.001477456,0.013273263,0.661909355,0.715838036
GGUCU,0.004375716,0.014613234,0.767528577,0.778681599
GGUGA,0.00496287,0.015825442,0.499595502,0.639438483
GGUGC,0.008981574,0.019600821,0.465203054,0.617593669
GGUGG,0.00414214,0.015222646,0.539678604,0.65730512
GGUGU,0.006290002,0.016749778,0.728301084,0.755424416
GGUUA,0.011493549,0.01810784,0.595441828,0.683874823
GGUUC,0.012306417,0.020798821,0.667011741,0.718123262
GGUUG,0.009999964,0.01422628,0.749959225,0.768206763
GGUUU,0.035093139,0.084196839,0.802867019,0.800569721
GUAAA,0.01117946,0.018553389,0.421180075,0.580963646
GUAAC,0.012616851,0.020164719,0.434954676,0.595519049
GUAAG,0.005362583,0.014903846,0.459457626,0.610755492
GUAAU,0.014170872,0.022761714,0.65321561,0.711021995
GUACA,0.014157685,0.021152963,0.282731221,0.477330703
GUACC,0.022585188,0.037892939,0.49356664,0.63634686
GUACG,0.007316369,0.014213823,0.599088888,0.686116348
GUACU,0.016423376,0.020517531,0.62252386,0.695032542
GUAGA,0.006370002,0.015445412,0.417867188,0.579391499
GUAGC,0.008716227,0.019443219,0.572138709,0.671993786
GUAGG,0.004102096,0.013891052,0.487910336,0.6331214
GUAGU,0.007896054,0.015736667,0.670060375,0.72108627
GUAUA,0.015620433,0.02142414,0.58435478,0.678664549
GUAUC,0.013606952,0.016146394,0.717665117,0.751237485
GUAUG,0.011642294,0.015681712,0.678606935,0.7272123
GUAUU,0.038689764,0.036392173,0.823620203,0.818588465
GUCAA,0.009241214,0.014538783,0.457019751,0.609356779
GUCAC,0.011691871,0.019089093,0.573168343,0.672591202
GUCAG,0.005816604,0.013618137,0.546447786,0.659122779
GUCAU,0.011510078,0.018637868,0.720694857,0.751789399
GUCCA,0.019851655,0.02333628,0.636165905,0.706413625
GUCCC,0.023108127,0.031177975,0.514429241,0.643996616
GUCCG,0.014942037,0.015547538,0.679387883,0.729133123
GUCCU,0.02047759,0.024932399,0.75887918,0.773835779
GUCGA,0.00198529,0.013331846,0.65229178,0.710562113
GUCGC,0.002459596,0.013425373,0.665946013,0.718009125
GUCGG,0.00087591,0.013255578,0.674660988,0.724607652
GUCGU,0.000675354,0.013322769,0.841834715,0.831918068
GUCUA,0.012445133,0.016790326,0.734437652,0.760250641
GUCUC,0.013042715,0.018270376,0.856234406,0.839427079
GUCUG,0.007621718,0.0140561,0.818712039,0.814761945
GUCUU,0.028696267,0.032237151,0.876311726,0.844469001
GUGAA,0.005718403,0.017660378,0.508695881,0.642643665
GUGAC,0.008576992,0.016414615,0.558050223,0.664556018
GUGAG,0.007966784,0.017438832,0.552263875,0.661661965
GUGAU,0.00905481,0.01551001,0.682927249,0.731726026
GUGCA,0.01352778,0.021584482,0.402769028,0.56645893
GUGCC,0.020317047,0.008450374,0.562376592,0.667321649
GUGCG,0.008586938,0.014752325,0.586539311,0.679732497
GUGCU,0.01451039,0.020653888,0.604949196,0.687176372
GUGGA,0.00386849,0.014374649,0.527567963,0.650611958
GUGGC,0.008741878,0.018564858,0.562466667,0.667561777
GUGGG,0.005643218,0.014993372,0.595522415,0.683992923
GUGGU,0.005142984,0.015592559,0.703557047,0.743255953
GUGUA,0.007535433,0.01714246,0.694150241,0.734873555
GUGUC,0.008002634,0.015157405,0.79909099,0.798991998
GUGUG,0.009753734,0.015921546,0.795975674,0.795617846
GUGUU,0.018040466,0.010912495,0.847445583,0.83476595
GUUAA,0.020061436,0.020102753,0.584076165,0.677951949
GUUAC,0.023869167,0.023834534,0.715265623,0.749358693
GUUAG,0.014019206,0.014894887,0.629438798,0.702595666
GUUAU,0.031817223,0.032029716,0.774031157,0.782220335
GUUCA,0.022343236,0.022008576,0.650527585,0.710102019
GUUCC,0.031311783,0.011165082,0.771146428,0.779218577
GUUCG,0.011186073,0.01339126,0.820296889,0.816108067
GUUCU,0.032561956,0.028459788,0.862488753,0.842253687
GUUGA,0.012781936,0.016062849,0.778246316,0.786173174
GUUGC,0.014938742,0.020398249,0.734581167,0.760578855
GUUGG,0.009460882,0.01350653,0.796491608,0.796567977
GUUGU,0.013930173,0.016353404,0.891080595,0.852583349
GUUUA,0.100984083,0.071802274,0.764184185,0.775669183
GUUUC,0.097447313,0.074453259,0.839249509,0.829878889
GUUUG,0.080008696,0.084346212,0.878615918,0.846880124
GUUUU,0.11006187,0.881332419,0.072632476,0.860335423
UAAAA,0.013379316,0.025587551,0.359975384,0.536802657
UAAAC,0.0142434,0.029589287,0.383842447,0.550796741
UAAAG,0.009382296,0.018584577,0.390984402,0.557654028
UAAAU,0.015314224,0.050827039,0.597565831,0.68434714
UAACA,0.015495327,0.027705223,0.340355773,0.51927378
UAACC,0.024753598,0.039060442,0.456842161,0.607701228
UAACG,0.009276284,0.015832155,0.465003422,0.617593669
UAACU,0.016482584,0.020560569,0.651834859,0.710217062
UAAGA,0.005046562,0.018711443,0.393596507,0.560196729
UAAGC,0.010706487,0.026066813,0.392442281,0.558055937
UAAGG,0.005196348,0.015159904,0.39737912,0.564331516
UAAGU,0.005395842,0.020335572,0.642063081,0.707798367
UAAUA,0.018115998,0.029483914,0.593780861,0.68363858
UAAUC,0.016189799,0.02437268,0.668458823,0.72017551
UAAUG,0.01408515,0.020114359,0.606875261,0.68905809
UAAUU,0.034728242,0.012441676,0.811358695,0.807064697
UACAA,0.01499145,0.025771803,0.384553157,0.550796741
UACAC,0.025643766,0.036152202,0.207048808,0.40023459
UACAG,0.013788365,0.021561977,0.373821563,0.543756244
UACAU,0.020634831,0.010830238,0.629772971,0.703175083
UACCA,0.034540899,0.033100163,0.572589424,0.672232795
UACCC,0.056639376,0.0325888,0.396773491,0.562999581
UACCG,0.024848196,0.027353909,0.578229171,0.674858135
UACCU,0.038664028,0.043158915,0.720407099,0.751679041
UACGA,0.006323336,0.017692684,0.626192696,0.700274638
UACGC,0.011394374,0.030424587,0.52871062,0.651100247
UACGG,0.004669314,0.015122621,0.606948447,0.689527967
UACGU,0.00522455,0.017120478,0.859486654,0.840538485
UACUA,0.018926784,0.02968069,0.623463745,0.695382871
UACUC,0.022987221,0.009835294,0.61709612,0.692810935
UACUG,0.015096857,0.020753723,0.705483745,0.745479443
UACUU,0.035054395,0.01239928,0.827469873,0.823428161
UAGAA,0.011166233,0.021038208,0.398687397,0.564464612
UAGAC,0.008235454,0.020027466,0.390116018,0.55644733
UAGAG,0.010567529,0.021603728,0.416564729,0.578735707
UAGAU,0.006645601,0.017731221,0.639056045,0.707452361
UAGCA,0.015011215,0.025913988,0.51262697,0.643750761
UAGCC,0.022192804,0.034419565,0.534286857,0.65390329
UAGCG,0.010511279,0.017292268,0.569251235,0.669959897
UAGCU,0.014536755,0.026974479,0.7037757,0.744701784
UAGGA,0.003888514,0.014534302,0.433273223,0.594744643
UAGGC,0.006323336,0.0185249,0.457239275,0.60973844
UAGGG,0.005289732,0.016825675,0.448597465,0.601564571
UAGGU,0.004749378,0.01577835,0.674470511,0.724607652
UAGUA,0.010104197,0.020136845,0.631331872,0.703290926
UAGUC,0.006180448,0.017561117,0.674037475,0.724267414
UAGUG,0.007233378,0.017195257,0.670337774,0.72154134
UAGUU,0.015768565,0.010009806,0.808873562,0.803927234
UAUAA,0.015735649,0.028462049,0.48870202,0.633369882
UAUAC,0.019835264,0.009851417,0.628268767,0.701783919
UAUAG,0.012950294,0.021181481,0.566598487,0.669121209
UAUAU,0.020896845,0.034422987,0.938161733,0.928438883
UAUCA,0.011939717,0.022358877,0.626374422,0.700390817
UAUCC,0.020883746,0.036296487,0.679225882,0.727325391
UAUCG,0.00523637,0.013393555,0.690770567,0.733750574
UAUCU,0.014849792,0.043360359,0.937829752,0.92504989
UAUGA,0.008895214,0.02026942,0.626141807,0.700158445
UAUGC,0.013220929,0.03158373,0.565630612,0.668401773
UAUGG,0.009101412,0.017608074,0.601978183,0.686587609
UAUGU,0.009799605,0.024430203,0.815076732,0.810816705
UAUUA,0.047998108,0.036400482,0.74184413,0.761890636
UAUUC,0.056911079,0.041741436,0.846360487,0.823633587
UAUUG,0.035938671,0.027041321,0.95268248,0.826914674
UAUUU,0.151036628,0.940806322,0.829763982,0.938161733
UCAAA,0.012207322,0.020797165,0.837534088,0.574660172
UCAAC,0.014230214,0.023644298,0.085530791,0.643873696
UCAAG,0.009965156,0.017156439,0.40797294,0.618728832
UCAAU,0.014645505,0.029220613,0.513892561,0.718123262
UCACA,0.021394483,0.027654418,0.465335408,0.642028081
UCACC,0.037208851,0.043620165,0.666454143,0.570038709
UCACG,0.014629029,0.017932763,0.504888811,0.694915738
UCACU,0.025715467,0.00871223,0.405148826,0.778789018
UCAGA,0.008722857,0.016402394,0.622129775,0.63013479
UCAGC,0.014022503,0.026420948,0.767784162,0.650123431
UCAGG,0.008815122,0.014822072,0.479922016,0.649023371
UCAGU,0.010580764,0.020862867,0.525986137,0.769725387
UCAUA,0.018263761,0.025498505,0.522526721,0.733301029
UCAUC,0.020008995,0.024015084,0.750718505,0.78926046
UCAUG,0.014856381,0.01943736,0.687986995,0.738011209
UCAUU,0.03432444,0.047848505,0.784325319,0.936870447
UCCAA,0.026676411,0.008747761,0.697748659,0.664796812
UCCAC,0.034408445,0.036860834,0.878745812,0.716409833
UCCAG,0.027070294,0.010224108,0.55807357,0.706413625
UCCAU,0.031499733,0.035458885,0.66336471,0.80004409
UCCCA,0.040977644,0.011119285,0.635958954,0.60412609
UCCCC,0.055232291,0.01284764,0.802486934,0.671276415
UCCCG,0.037601829,0.010402684,0.451203163,0.675096461
UCCCU,0.046144635,0.040698071,0.571906559,0.547553439
UCCGA,0.018913659,0.030038523,0.578801024,0.692810935
UCCGC,0.02211758,0.011688299,0.380210414,0.759155815
UCCGG,0.014678457,0.024004607,0.616964978,0.693279052
UCCGU,0.015521666,0.027791811,0.732570894,0.788516125
UCCUA,0.030176853,0.009626825,0.617810221,0.71663846
UCCUC,0.030666652,0.00914716,0.781928324,0.831408663
UCCUG,0.027477036,0.012940169,0.663997536,0.795195275
UCCUU,0.046984068,0.012827077,0.839359654,0.84285835
UCGAA,0.005403122,0.014372356,0.793870852,0.681746627
UCGAC,0.005703238,0.015203121,0.868483877,0.719947691
UCGAG,0.008434423,0.018973946,0.590407305,0.702943356
UCGAU,0.005069606,0.015082265,0.667936023,0.803927234
UCGCA,0.009355794,0.017106083,0.629737657,0.699926018
UCGCC,0.014437881,0.019918334,0.808591166,0.658153772
UCGCG,0.006223332,0.013726707,0.626110909,0.74570152
UCGCU,0.011119937,0.019551728,0.541908458,0.770700429
UCGGA,0.002065462,0.013383905,0.707339709,0.693396047
UCGGC,0.003327752,0.013963205,0.755703691,0.720403278
UCGGG,0.003401194,0.014097644,0.618322337,0.711366768
UCGGU,0.002960502,0.013610315,0.669816826,0.780291668
UCGUA,0.002953824,0.01341708,0.654740185,0.787345336
UCGUC,0.001637838,0.013247388,0.772295036,0.858948443
UCGUG,0.002867008,0.013407795,0.779710303,0.834156372
UCGUU,0.00447581,0.014596562,0.904233073,0.847080789
UCUAA,0.015623725,0.024281616,0.843272202,0.732513837
UCUAC,0.019320451,0.040255224,0.904215181,0.762218312
UCUAG,0.013827941,0.020605469,0.686477233,0.757950121
UCUAU,0.021548307,0.011844568,0.743172395,0.937829752
UCUCA,0.018329426,0.027866104,0.730700644,0.798465536
UCUCC,0.023686309,0.03288109,0.940806322,0.779647951
UCUCG,0.012788539,0.015523231,0.79796588,0.851085651
UCUCU,0.022987221,0.033032139,0.772042173,0.95268248
UCUGA,0.01050797,0.018737541,0.889874325,0.782434402
UCUGC,0.013781769,0.028658769,0.89453576,0.73161343
UCUGG,0.008795781,0.018516596,0.774566369,0.790004241
UCUGU,0.00976318,0.021395525,0.681364248,0.824146967
UCUUA,0.039946818,0.011645243,0.784643347,0.83466438
UCUUC,0.042584384,0.011564457,0.83344019,0.953734808
UCUUG,0.038271467,0.009421507,0.953734808,0.877025593
UCUUU,0.104201109,0.923472926,0.912168079,0.941122063
UGAAA,0.010246529,0.021594881,0.033284806,0.632375584
UGAAC,0.008527261,0.02078246,0.487577412,0.642151228
UGAAG,0.007445822,0.018208085,0.505090894,0.645838605
UGAAU,0.012702698,0.027945841,0.518548416,0.742030923
UGACA,0.013804855,0.008671143,0.699566668,0.580177882
UGACC,0.013616849,0.012020557,0.419025991,0.675572942
UGACG,0.007989312,0.015551962,0.578874388,0.696316483
UGACU,0.011242286,0.022937188,0.623670565,0.774698976
UGAGA,0.014451065,0.029084444,0.760359061,0.639932257
UGAGC,0.012633361,0.026495806,0.500632506,0.641904919
UGAGG,0.010011505,0.018171228,0.504185816,0.660090849
UGAGU,0.012355961,0.023838251,0.551105711,0.760906962
UGAUA,0.009216648,0.022778715,0.735058045,0.721768796
UGAUC,0.00502291,0.014225654,0.670616836,0.776100084
UGAUG,0.008522132,0.018564391,0.765154199,0.737115741
UGAUU,0.012805046,0.045643163,0.697442374,0.838112004
UGCAA,0.013916983,0.024070667,0.854092908,0.588397778
UGCAC,0.018884127,0.010411474,0.426370308,0.646574452
UGCAG,0.013273728,0.021709417,0.518805429,0.632002467
UGCAU,0.016857486,0.012294273,0.486119173,0.718693754
UGCCA,0.028923693,0.011821947,0.667090251,0.689997623
UGCCC,0.041529551,0.012215733,0.609018593,0.657062516
UGCCG,0.018713483,0.022299063,0.539591407,0.697598778
UGCCU,0.030666652,0.036377543,0.624878743,0.742587941
UGCGA,0.007036544,0.017630461,0.701069459,0.678783266
UGCGC,0.011288576,0.030763341,0.58529335,0.705489397
UGCGG,0.00524304,0.01485947,0.633564203,0.689527967
UGCGU,0.006103322,0.017459041,0.60710777,0.787132318
UGCUA,0.015485449,0.027107026,0.778928269,0.714693462
UGCUC,0.015916676,0.029094251,0.659208583,0.775130296
UGCUG,0.012867769,0.0204675,0.760626812,0.733188611
UGCUU,0.025021058,0.0415385,0.686721891,0.66768182
UGGAA,0.005296402,0.01746782,0.563679471,0.64128888
UGGAC,0.003908538,0.015169016,0.50263029,0.658880616
UGGAG,0.00482944,0.016571239,0.545278922,0.652441813
UGGAU,0.003861814,0.014566136,0.533722855,0.748251871
UGGCA,0.011824063,0.0271558,0.712224368,0.597323668
UGGCC,0.012834757,0.031340502,0.440305022,0.686469815
UGGCG,0.007496328,0.015913846,0.599729187,0.685409041
UGGCU,0.009461796,0.021626491,0.598342599,0.755094505
UGGGA,0.008208922,0.019341697,0.728106605,0.65292921
UGGGC,0.007329752,0.017533171,0.533823522,0.666721075
UGGGG,0.008378052,0.020717788,0.561166086,0.677001025
UGGGU,0.009494162,0.018934315,0.583529133,0.764291107
UGGUA,0.006616648,0.018250392,0.745964728,0.742253767
UGGUC,0.003901864,0.01422826,0.700225947,0.803088912
UGGUG,0.005703238,0.017186683,0.807751833,0.765924494
UGGUU,0.008716227,0.024522647,0.747060478,0.791384082
UGUAA,0.007090616,0.020060524,0.785819172,0.715723638
UGUAC,0.009219961,0.02266885,0.661384873,0.745368386
UGUAG,0.006776618,0.016022375,0.705345227,0.742030923
UGUAU,0.011110016,0.026110694,0.700121302,0.840740426
UGUCA,0.00524304,0.016879112,0.859528392,0.754764486
UGUCC,0.008968126,0.027441968,0.723815177,0.780720582
UGUCG,0.002619898,0.013273263,0.772580805,0.826812303
UGUCU,0.007902716,0.021471588,0.836951322,0.834867511
UGUGA,0.00646333,0.016277419,0.84901103,0.781042147
UGUGC,0.008268618,0.024128156,0.772843735,0.730599503
UGUGG,0.005323082,0.015144075,0.679891814,0.797833417
UGUGU,0.009653902,0.021513188,0.797873275,0.754984511
UGUUA,0.020058159,0.027436979,0.728052439,0.806855839
UGUUC,0.021325745,0.028182752,0.809631021,0.869304206
UGUUG,0.015245067,0.017376333,0.91100545,0.875954029
UGUUU,0.053014885,0.911353971,0.050973937,0.876148944
UUAAA,0.022771516,0.033943319,0.601862734,0.686469815
UUAAC,0.02549383,0.037858887,0.636747839,0.706875419
UUAAG,0.018536244,0.028843791,0.590028622,0.681628261
UUAAU,0.028143733,0.047549921,0.790940375,0.794032284
UUACA,0.030780148,0.040693097,0.683884981,0.731951178
UUACC,0.044844198,0.012555438,0.799388309,0.80004409
UUACG,0.021653026,0.029772289,0.835837088,0.824557481
UUACU,0.034653955,0.012550165,0.961677935,0.83476595
UUAGA,0.013227529,0.026268176,0.638013072,0.706990834
UUAGC,0.016472716,0.011022301,0.678479305,0.7272123
UUAGG,0.010815654,0.020681644,0.65452821,0.711251857
UUAGU,0.014151091,0.009447744,0.820721885,0.816625324
UUAUA,0.039066082,0.04221895,0.953831729,0.77307987
UUAUC,0.036041893,0.034106827,0.816349579,0.812272026
UUAUG,0.032545772,0.009727976,0.758930905,0.77394372
UUAUU,0.088369686,0.938161733,0.086617792,0.974968298
UUCAA,0.0218657,0.034268572,0.704349854,0.744924034
UUCAC,0.028241261,0.043251567,0.606531494,0.688940586
UUCAG,0.01924501,0.050558393,0.694224951,0.736667706
UUCAU,0.027792553,0.045625789,0.974968298,0.961677935
UUCCA,0.044968883,0.013163809,0.785799806,0.790853599
UUCCC,0.048899675,0.01265739,0.689506422,0.733413434
UUCCG,0.035267467,0.036924318,0.780281433,0.787451828
UUCCU,0.045457882,0.012256884,0.87229712,0.844066582
UUCGA,0.006896588,0.023932607,0.8252606,0.820135595
UUCGC,0.00532267,0.027101418,0.784495205,0.789473025
UUCGG,0.003915214,0.015196664,0.813090173,0.809671751
UUCGU,0.003734988,0.015446089,0.848529503,0.848183726
UUCUA,0.036561067,0.043409663,0.852733212,0.835578144
UUCUC,0.037176633,0.042773938,0.884071753,0.849985912
UUCUG,0.03130206,0.009635307,0.866275565,0.842757598
UUCUU,0.06842509,0.929757866,0.008036222,0.953831729
UUGAA,0.016433244,0.008534557,0.77535182,0.783610952
UUGAC,0.018329426,0.032691595,0.756879734,0.771999008
UUGAG,0.017856539,0.013063266,0.780303243,0.788196955
UUGAU,0.016068054,0.009635936,0.88076477,0.872341228
UUGCA,0.024192353,0.034635338,0.680885149,0.731388202
UUGCC,0.03335465,0.045625132,0.76311735,0.775345886
UUGCG,0.017971497,0.027426229,0.77043476,0.778789018
UUGCU,0.026142305,0.039047478,0.756595823,0.771133476
UUGGA,0.005256145,0.017984428,0.773401544,0.782006222
UUGGC,0.012108218,0.029131787,0.732078115,0.758169446
UUGGG,0.009498232,0.022733344,0.791246291,0.79466681
UUGGU,0.008706282,0.023345525,0.869956941,0.843563329
UUGUA,0.017646295,0.047567514,0.854090738,0.836592458
UUGUC,0.015673105,0.021439611,0.888579228,0.850585919
UUGUG,0.015979204,0.027970568,0.758575936,0.853779894
UUGUU,0.031421965,0.908404797,0.000523379,0.871754137
UUUAA,0.077833239,0.052072591,0.743810015,0.762873343
UUUAC,0.091024349,0.051818535,0.825448243,0.820650773
UUUAG,0.06549479,0.053658253,0.756865381,0.771566336
UUUAU,0.099357872,0.941122063,0.09548475,0.940806322
UUUCA,0.075832837,0.057196919,0.941122063,0.806333502
UUUCC,0.093281535,0.054516899,0.836696623,0.825378005
UUUCG,0.048141521,0.060579667,0.809327653,0.856268108
UUUCU,0.096570271,0.918744015,0.077405685,0.923472926
UUUGA,0.047927987,0.06570129,0.873858931,0.844368411
UUUGC,0.053392191,0.065981835,0.792077262,0.794772526
UUUGG,0.035874152,0.089869223,0.838424505,0.827017035
UUUGU,0.04943768,0.84975614,0.043869093,0.848584492
UUUUA,0.227360323,0.974968298,0.094314549,0.93063019
UUUUC,0.193537459,0.93063019,0.084442607,0.876343822
UUUUG,0.110764753,0.905728654,0.065997081,0.868813498
UUUUU,1,1,1,1